hub_city,hub_type,disease,omega_B_ref,prob_B_ref,omega_B_lo,omega_B_hi,prob_B_lo,prob_B_hi
New York,venue,Dengue,396.8938455087295,1,132.29794850290983,793.787691017459,1,1
Orlando,non-venue,Dengue,110.35911414991885,1,36.786371383306296,220.7182282998377,0.9999999999999999,1
Boston,venue,Dengue,104.0704818288067,1,34.69016060960224,208.1409636576134,0.9999999999999991,1
Houston,venue,Dengue,74.02838606514436,1,24.676128688381457,148.05677213028872,0.9999999999808004,1
Los Angeles,venue,Dengue,63.78643479637084,1,21.262144932123615,127.57286959274168,0.9999999994165982,1
Atlanta,venue,Dengue,55.061668592040206,1,18.353889530680075,110.12333718408041,0.9999999893092776,1
Tampa,non-venue,Dengue,54.953480838586756,1,18.317826946195588,109.90696167717351,0.9999999889167064,1
Washington DC,non-venue,Dengue,50.2372921253673,1,16.7457640417891,100.4745842507346,0.9999999466164954,1
Chicago,non-venue,Dengue,37.98629415903266,1,12.662098053010885,75.97258831806532,0.9999968310113315,1
Dallas,venue,Dengue,31.282710222663876,0.999999999999974,10.427570074221292,62.56542044532775,0.9999703950823681,1
Philadelphia,venue,Dengue,26.88331762961053,0.9999999999978878,8.961105876536845,53.76663525922106,0.9998716957134504,1
Charlotte,non-venue,Dengue,21.205714436610272,0.9999999993827299,7.068571478870091,42.411428873220544,0.9991485514469345,1
San Francisco,venue,Dengue,16.237715505541082,0.999999911274234,5.41257183518036,32.475431011082165,0.9955398453344649,0.9999999999999921
Miami,venue,Dengue,15.571469881812051,0.9999998272585522,5.190489960604016,31.142939763624103,0.9944307225802019,0.9999999999999701
Seattle,venue,Dengue,15.373672888814458,0.9999997894774132,5.124557629604821,30.747345777628915,0.994051151631108,0.9999999999999557
San Diego,non-venue,Dengue,15.006251937768686,0.9999996960041958,5.0020839792562315,30.012503875537373,0.9932760801214995,0.9999999999999076
Denver,non-venue,Dengue,12.375122379955325,0.9999957776654836,4.125040793318443,24.75024475991065,0.9838371647609674,0.9999999999821719
Phoenix,non-venue,Dengue,11.711009411311608,0.9999917969901102,3.903669803770536,23.422018822623215,0.9798322362601617,0.9999999999327106
Las Vegas,non-venue,Dengue,11.066057222438129,0.99998436591705,3.6886857408127107,22.132114444876258,0.9749951566983786,0.9999999997555754
Austin,non-venue,Dengue,10.044899771557303,0.9999565934311169,3.348299923852434,20.089799543114605,0.9648559490954176,0.9999999981158698
San Antonio,non-venue,Dengue,8.736413739692953,0.9998393710867062,2.912137913230985,17.472827479385906,0.9456406101077643,0.9999999741983522
Minneapolis,non-venue,Dengue,8.217746355964907,0.9997301775359956,2.7392487853216356,16.435492711929815,0.9353811286906134,0.999999927195838
Detroit,non-venue,Dengue,7.437469876010721,0.9994112270167397,2.479156625336908,14.874939752021442,0.9161861177022844,0.9999996533463742
Sacramento,non-venue,Dengue,5.337789483629955,0.9951935162131217,1.7792631612099852,10.67557896725991,0.8312375478123017,0.9999768977136064
Portland,non-venue,Dengue,4.134538977890085,0.9839899555868628,1.3781796592966955,8.26907795578017,0.7479630711865839,0.9997436784778894
Kansas City,venue,Dengue,3.796342936171642,0.9775472670260937,1.2654476453905472,7.592685872343284,0.7178870187051867,0.9994958747820024
New York,venue,Influenza,4.678437638938607,0.9907064776121429,1.5594792129795352,9.356875277877213,0.7897544641594147,0.9999136304416264
Orlando,non-venue,Influenza,1.2257716786633437,0.7064688987839068,0.40859055955444784,2.4515433573266874,0.3354137148716041,0.9138394926188677
Boston,venue,Influenza,1.0078298822358396,0.634989764101688,0.33594329407861323,2.015659764471679,0.2853363696733041,0.8667675276894586
Houston,venue,Influenza,0.87603745375843,0.5835702311316704,0.2920124845861434,1.75207490751686,0.2532407870645621,0.8265862476002696
Los Angeles,venue,Influenza,0.7420617933723511,0.5238687813807441,0.24735393112411705,1.4841235867447022,0.21913572755248067,0.7732990626561423
Tampa,non-venue,Influenza,0.6405354848900857,0.47298985749718814,0.21351182829669532,1.2810709697801714,0.1922573941251382,0.722260309699166
Atlanta,venue,Influenza,0.6121269646423414,0.4578035908294795,0.20404232154744714,1.2242539292846828,0.18457213971185837,0.7060230538825935
Washington DC,non-venue,Influenza,0.5774116800327262,0.4386505602019717,0.19247056001090876,1.1548233600654525,0.17508139655919053,0.6848868064384399
Chicago,non-venue,Influenza,0.4445681131664766,0.3588989006263854,0.14818937105549224,0.8891362263329532,0.13773218908546447,0.5889893803819428
Dallas,venue,Influenza,0.34660758386570945,0.2929172554998949,0.11553586128856984,0.6932151677314189,0.10911137674978633,0.5000339924301991
Philadelphia,venue,Influenza,0.28239968561521545,0.2460277275695012,0.09413322853840518,0.5647993712304309,0.08983850532285231,0.43152581240598964
Charlotte,non-venue,Influenza,0.24435149805937453,0.2167877117254996,0.08145049935312483,0.48870299611874907,0.07822166265144304,0.3865785114958209
San Francisco,venue,Influenza,0.18400818632976645,0.1680710066462865,0.061336062109922165,0.3680163726595329,0.059492882145738,0.3078941500174769
Miami,venue,Influenza,0.17220077657500757,0.1581898595566429,0.05740025885833587,0.34440155315001514,0.05578393712200269,0.29135568744673546
Seattle,venue,Influenza,0.16587747930756552,0.1528499787615627,0.055292493102521864,0.33175495861513105,0.05379165194092861,0.28233684151571525
San Diego,non-venue,Influenza,0.16434794240840067,0.15155324009293725,0.054782647469466886,0.32869588481680134,0.0533091087458929,0.2801380956032071
Denver,non-venue,Influenza,0.14295914350774472,0.13321051785018223,0.04765304783591491,0.28591828701548944,0.04653546371864792,0.2486759936344507
Phoenix,non-venue,Influenza,0.1366529741145568,0.12772712511764894,0.04555099137151895,0.2733059482291136,0.044529119440882226,0.2391400317444783
Las Vegas,non-venue,Influenza,0.1285864225526437,0.12066243546246502,0.04286214085088124,0.2571728451052874,0.04195654398076276,0.2267654475931965
Austin,non-venue,Influenza,0.11201203486626315,0.10596650213796954,0.03733734495542105,0.2240240697325263,0.036648901106079546,0.20070410470058286
San Antonio,non-venue,Influenza,0.10306195965406866,0.0979289202620901,0.034353986551356214,0.2061239193081373,0.033770588124368506,0.18626776710048132
Minneapolis,non-venue,Influenza,0.09377279653199613,0.08951039486196577,0.031257598843998716,0.18754559306399227,0.03077413054782019,0.17100867893558658
Detroit,non-venue,Influenza,0.07572642278013113,0.07293020295278918,0.025242140926710368,0.15145284556026226,0.02492622182760662,0.14054159140284328
Sacramento,non-venue,Influenza,0.06051128476559157,0.058716853201195796,0.020170428255197187,0.12102256953118314,0.019968366008369154,0.11398603755254078
Portland,non-venue,Influenza,0.048493998836929314,0.047336943624966876,0.016164666278976444,0.09698799767385863,0.01603471918698174,0.09243310101818059
Kansas City,venue,Influenza,0.042361171195214826,0.04147647304004076,0.014120390398404946,0.08472234239042965,0.014021165267470881,0.08123264826424026
New York,venue,Malaria,129.58285724410564,1,43.194285748035206,259.1657144882113,1,1
Orlando,non-venue,Malaria,30.562587915650433,0.9999999999999467,10.187529305216811,61.125175831300865,0.9999623632392332,1
Houston,venue,Malaria,24.15625107352879,0.9999999999677096,8.052083691176263,48.31250214705758,0.9996815622951265,1
Los Angeles,venue,Malaria,17.531469824888735,0.9999999756679111,5.8438232749629115,35.06293964977747,0.9971022574465341,0.9999999999999994
Tampa,non-venue,Malaria,17.378794531381367,0.9999999716544145,5.7929315104604555,34.75758906276273,0.9969509692033726,0.9999999999999992
Boston,venue,Malaria,16.306513313141743,0.9999999171731302,5.435504437713915,32.613026626283485,0.9956409643954904,0.9999999999999931
Atlanta,venue,Malaria,15.019763800158804,0.9999997000841195,5.006587933386268,30.03952760031761,0.993306296251096,0.9999999999999101
Washington DC,non-venue,Malaria,14.604457175077744,0.9999995456768805,4.868152391692581,29.20891435015549,0.9923124442334664,0.9999999999997936
Chicago,non-venue,Malaria,11.645074917272902,0.9999912378996632,3.881691639090968,23.290149834545804,0.9793840790304371,0.9999999999232256
Dallas,venue,Malaria,8.378466636941605,0.9997702380159764,2.7928222123138684,16.75693327388321,0.9387518854148205,0.9999999472094308
Charlotte,non-venue,Malaria,6.482584952963364,0.9984701490291014,2.1608616509877887,12.965169905926729,0.884774206167559,0.9999976595560068
Philadelphia,venue,Malaria,5.718865227182978,0.9967165652584206,1.9062884090609928,11.437730454365957,0.8513689783494893,0.9999892190562978
San Francisco,venue,Malaria,4.629148849924807,0.9902369345992619,1.5430496166416023,9.258297699849614,0.7862716828707335,0.9999046825539809
Denver,non-venue,Malaria,3.5330160497051617,0.9707833360628173,1.1776720165683874,7.066032099410323,0.6920050882903952,0.9991463865483817
San Diego,non-venue,Malaria,3.499143550487435,0.9697767429652289,1.1663811834958115,6.99828710097487,0.6885078630146358,0.9990865547342102
Phoenix,non-venue,Malaria,3.4292658459681165,0.9675892734938165,1.1430886153227053,6.858531691936233,0.6811672522203692,0.9989495448073413
Seattle,venue,Malaria,3.261596683648802,0.9616728472022342,1.087198894549601,6.523193367297604,0.6628404081982675,0.9985310293584168
Las Vegas,non-venue,Malaria,3.062777707379643,0.9532423643596868,1.0209259024598814,6.125555414759286,0.6397387810485573,0.9978137235093277
San Antonio,non-venue,Malaria,2.699524169069035,0.9327625011891798,0.8998413896896785,5.39904833813807,0.5933658490051484,0.9954791187536649
Austin,non-venue,Malaria,2.6019687404283003,0.9258725033363403,0.8673229134761001,5.203937480856601,0.5799253785957706,0.9945051142383792
Minneapolis,non-venue,Malaria,2.249182968011705,0.8945146257113782,0.7497276560039017,4.49836593602341,0.5275047835447888,0.9888728358111893
Detroit,non-venue,Malaria,1.3150305340978061,0.7315338742568553,0.4383435113659355,2.6300610681956123,0.3548958558139673,0.9279259393284661
Sacramento,non-venue,Malaria,1.3032014578161308,0.7283393108597364,0.43440048593871033,2.6064029156322617,0.3523471723104298,0.926200469975837
Portland,non-venue,Malaria,1.0418531529814046,0.6471997171008222,0.3472843843271349,2.083706305962809,0.2933956475214071,0.8755319603862601
Kansas City,venue,Malaria,0.991613699754326,0.6290224386552509,0.33053789991810867,1.983227399508652,0.28146287159868455,0.8623756489787029
Miami,venue,Malaria,0.2598619647488627,0.2288419745511049,0.08662065491628758,0.5197239294977254,0.08297510145277553,0.4053152997857613
Los Angeles,venue,Measles,3.115766481481647e-4,3.115281131852443e-4,1.0385888271605491e-4,6.231532962963294e-4,1.0385348956898355e-4,6.229591766051534e-4
New York,venue,Measles,2.8945121084727023e-4,2.8940932388710205e-4,9.648373694909008e-5,5.789024216945405e-4,9.647908254306614e-5,5.787348900173628e-4
Miami,venue,Measles,2.1512052388294743e-4,2.1509738712210957e-4,7.170684129431582e-5,4.3024104776589485e-4,7.170427042024752e-5,4.301485073583411e-4
Washington DC,non-venue,Measles,2.096969229657013e-4,2.0967493810264415e-4,6.989897432190045e-5,4.193938459314026e-4,6.989653144551244e-5,4.193059126257337e-4
Chicago,non-venue,Measles,1.3380512851280323e-4,1.3379617700581825e-4,4.460170950426775e-5,2.6761025702560647e-4,4.460071486278583e-5,2.675744525947321e-4
Houston,venue,Measles,1.0536119398817579e-4,1.0535564369251738e-4,3.51203979960586e-5,2.1072238797635159e-4,3.511978128212245e-5,2.1070018757340936e-4
Boston,venue,Measles,1.041257198186288e-4,1.0412029892403751e-4,3.4708573272876266e-5,2.082514396372576e-4,3.4707970937297716e-5,2.0822975681134004e-4
Dallas,venue,Measles,8.750008888149968e-5,8.749626086035356e-5,2.916669629383323e-5,1.7500017776299936e-4,2.9166270949843032e-5,1.7498486612510522e-4
Seattle,venue,Measles,8.361075295693731e-5,8.360725767531108e-5,2.787025098564578e-5,1.6722150591387463e-4,2.78698626138274e-5,1.6720752517718207e-4
San Diego,non-venue,Measles,7.792548434279097e-5,7.792244823112693e-5,2.597516144759699e-5,1.5585096868558194e-4,2.597482409605334e-5,1.5583882455427744e-4
San Francisco,venue,Measles,7.65425534321893e-5,7.653962412568216e-5,2.551418447739644e-5,1.530851068643786e-4,2.5513858993408967e-5,1.5307338993730824e-4
Atlanta,venue,Measles,7.612261134143371e-5,7.611971408894025e-5,2.5374203780477903e-5,1.5224522268286742e-4,2.537388185808176e-5,1.5223363396710266e-4
Phoenix,non-venue,Measles,5.893363164807919e-5,5.893189509575958e-5,1.964454388269307e-5,1.1786726329615838e-4,1.9644350929937104e-5,1.1786031722316181e-4
Tampa,non-venue,Measles,5.144717414689168e-5,5.144585076377606e-5,1.714905804896389e-5,1.0289434829378336e-4,1.7148911004682965e-5,1.028890548518957e-4
Philadelphia,venue,Measles,5.129412765627881e-5,5.129281213500647e-5,1.709804255209294e-5,1.0258825531255762e-4,1.7097896381379485e-5,1.0258299331744603e-4
Austin,non-venue,Measles,4.465600549066338e-5,4.465500842609771e-5,1.4885335163554461e-5,8.931201098132676e-5,1.4885224377536588e-5,8.930802278239725e-5
Denver,non-venue,Measles,4.401331574122195e-5,4.401234716944202e-5,1.4671105247073983e-5,8.80266314824439e-5,1.4670997626975435e-5,8.802275725217079e-5
Orlando,non-venue,Measles,3.9601839196842194e-5,3.96010550544057e-5,1.3200613065614066e-5,7.920367839368439e-5,1.3200525937895335e-5,7.920054186516534e-5
Portland,non-venue,Measles,3.86105318630966e-5,3.860978648606572e-5,1.2870177287698869e-5,7.72210637261932e-5,1.2870094467376525e-5,7.721808225658044e-5
Detroit,non-venue,Measles,3.819620704175324e-5,3.819547757588637e-5,1.2732069013917746e-5,7.639241408350648e-5,1.2731987961478453e-5,7.638949625732305e-5
Las Vegas,non-venue,Measles,3.637213906602626e-5,3.637147760782167e-5,1.2124046355342087e-5,7.274427813205253e-5,1.2123972859434673e-5,7.27416323311747e-5
Minneapolis,non-venue,Measles,3.5785422925177915e-5,3.5784782634551426e-5,1.1928474308392641e-5,7.157084585035583e-5,1.192840316444066e-5,7.156828471843735e-5
Sacramento,non-venue,Measles,2.6214413553502878e-5,2.621406995872988e-5,8.738137851167627e-6,5.2428827107005756e-5,8.738099673721855e-6,5.2427452740033686e-5
Charlotte,non-venue,Measles,2.1295929812575433e-5,2.129570305586803e-5,7.098643270858477e-6,4.259185962515087e-5,7.0986180755738815e-6,4.259095260472634e-5
San Antonio,non-venue,Measles,1.8881492358458563e-5,1.888131410421323e-5,6.293830786152854e-6,3.7762984716917127e-05,6.29381098005144e-6,3.776227170437796e-5
Kansas City,venue,Measles,9.145247574059672e-6,9.14520575645561e-6,3.0484158580198905e-6,1.8290495148119344e-5,3.04841121157029e-6,1.8290327878034418e-5
New York,venue,Pertussis,0.28607483067247286,0.24879359943652535,0.0953582768908243,0.5721496613449457,0.09095281448168469,0.43568894375246836
Boston,venue,Pertussis,0.17879809132087562,0.16372526652124952,0.05959936377362519,0.35759618264175125,0.05785808583576446,0.30064457014504475
Orlando,non-venue,Pertussis,0.11115961262861257,0.10520408319792396,0.03705320420953752,0.22231922525722514,0.03637513491406896,0.19934026727433218
Los Angeles,venue,Pertussis,0.06618845820211713,0.06404554062501311,0.02206281940070571,0.13237691640423427,0.021821215483939005,0.12398924997607597
Atlanta,venue,Pertussis,0.05751466366551304,0.055891953799678484,0.01917155455517102,0.11502932733102608,0.018988949108524222,0.10865999709981156
Houston,venue,Pertussis,0.05350892030796764,0.05210251457140169,0.01783630676932254,0.10701784061593528,0.017678181369813917,0.10149035711814036
Washington DC,non-venue,Pertussis,0.0488530458769896,0.04767893307670901,0.016284348625663195,0.0977060917539792,0.016152475414036416,0.09308458549408472
Tampa,non-venue,Pertussis,0.04272014057697115,0.04182049188810166,0.014240046858990385,0.0854402811539423,0.014139136946869524,0.08189203023444058
Miami,venue,Pertussis,0.04148204281209846,0.04063343728757263,0.013827347604032822,0.08296408562419692,0.013732188935401068,0.07961579834934218
Philadelphia,venue,Pertussis,0.0376707693071556,0.036970052278934906,0.012556923102385199,0.0753415386143112,0.012478413898405427,0.0725733197923627
Dallas,venue,Pertussis,0.03389236278180693,0.0333244506951107,0.011297454260602314,0.06778472556361385,0.011233877667333081,0.06553838237609044
Chicago,non-venue,Pertussis,0.033083887764715485,0.032542601653742786,0.011027962588238493,0.06616777552943097,0.010967377523277144,0.06402618238509128
Seattle,venue,Pertussis,0.021621638434366843,0.021389566411857963,0.007207212811455615,0.043243276868733686,0.00718130313608234,0.04232161927242872
San Diego,non-venue,Pertussis,0.019150994661771847,0.018968779418551907,0.006383664887257283,0.03830198932354369,0.006363332586431736,0.03757774424447402
Charlotte,non-venue,Pertussis,0.01811834804328066,0.01795519760013564,0.006039449347760222,0.03623669608656132,0.006021248532948054,0.03558800607941137
San Francisco,venue,Pertussis,0.015733507833647353,0.015610382774708276,0.005244502611215784,0.03146701566729471,0.005230774217413803,0.030977081499043768
Denver,non-venue,Pertussis,0.012124696453701468,0.012051488495120277,0.004041565484567157,0.024249392907402936,0.004033409350334027,0.02395773861529249
Detroit,non-venue,Pertussis,0.01202050831108111,0.01194855061234179,0.0040068361036937035,0.02404101662216222,0.003998819446630608,0.023754333362947855
Austin,non-venue,Pertussis,0.011338054342086864,0.011274020837555465,0.003779351447362289,0.02267610868417373,0.003772218687245976,0.022420938129265267
Las Vegas,non-venue,Pertussis,0.011257833229229805,0.011194700957674386,0.0037526110764099356,0.02251566645845961,0.0037455788306424154,0.02226408058581697
Phoenix,non-venue,Pertussis,0.010883702842945691,0.010824689637260798,0.003627900947648564,0.021767405685891382,0.00362132806599591,0.021532205368778423
Minneapolis,non-venue,Pertussis,0.009106120838013486,0.009064785682448173,0.0030353736126711617,0.01821224167602697,0.003030771523717557,0.018047401025427567
San Antonio,non-venue,Pertussis,0.0071937859142243935,0.007167972571976433,0.0023979286380747984,0.014387571828448787,0.002395055903860799,0.014284565313160247
Sacramento,non-venue,Pertussis,0.0064920601546191664,0.0064710322614836,0.0021640200515397226,0.012984120309238333,0.002161680248246034,0.012900190264438116
Portland,non-venue,Pertussis,0.0049000829921607945,0.004888097170660632,0.0016333609973869317,0.009800165984321589,0.0016320277892818424,0.009752300847371442
Kansas City,venue,Pertussis,0.004255974535378052,0.004246930710400498,0.0014186581784593499,0.008511949070756104,0.001417652358640109,0.008475825000342052
