Country,venue_city,routing_fraction,years_observed
Anguilla,Miami,0.9128826792685433,3
Antigua and Barbuda,Atlanta,0.03642691874147171,3
Antigua and Barbuda,Miami,0.4557319991298673,3
Antigua and Barbuda,New York,0.4614471888781221,3
Argentina,Atlanta,0.1329000601388661,3
Argentina,Dallas,0.023542999289267945,1
Argentina,Houston,0.14458613525777705,3
Argentina,Miami,0.5112760373954404,3
Argentina,New York,0.1876947679186485,3
Aruba,Atlanta,0.06227037535974527,3
Aruba,Boston,0.11341543689914886,3
Aruba,Dallas,0.008553517849488702,3
Aruba,Houston,0.029548864123446206,3
Aruba,Miami,0.13617506582573022,3
Aruba,New York,0.3444178249954075,3
Aruba,Philadelphia,0.05858489988365685,3
Australia,Dallas,0.0978675147130734,3
Australia,Los Angeles,0.5251483445408168,3
Australia,San Francisco,0.2080083509913334,3
Austria,Boston,0.019953631978552044,1
Austria,Los Angeles,0.12311698585885222,2
Austria,New York,0.4296513608245157,3
Barbados,Atlanta,0.05422946249673317,1
Barbados,Boston,0.03112930859250225,3
Barbados,Miami,0.3993669599558614,3
Barbados,New York,0.35554781194645296,3
Barbados,Philadelphia,0.00715799866422743,1
Belgium,Atlanta,0.009446183307451542,1
Belgium,New York,0.4734517190605312,3
Belize,Atlanta,0.1198956670417768,3
Belize,Dallas,0.14830807882546912,3
Belize,Houston,0.38016975914439993,3
Belize,Los Angeles,0.07278881299451292,3
Belize,Miami,0.17219299852572995,3
Belize,New York,0.03452757931834637,3
Belize,San Francisco,0.003550461036525259,1
Bermuda,Atlanta,0.04932236143283124,3
Bermuda,Boston,0.13212352346459513,3
Bermuda,Miami,0.06808379938315054,2
Bermuda,New York,0.4603719013552771,3
Bermuda,Philadelphia,0.10157539768873418,3
"Bonaire, Sint Eustatius, and Saba",Atlanta,0.17337407245744216,3
"Bonaire, Sint Eustatius, and Saba",Houston,0.17084242688782192,3
"Bonaire, Sint Eustatius, and Saba",Miami,0.44408555216062856,3
"Bonaire, Sint Eustatius, and Saba",New York,0.1975556525534701,3
Brazil,Atlanta,0.09560486093911043,3
Brazil,Boston,0.02341983525219517,3
Brazil,Dallas,0.043955385463522983,3
Brazil,Houston,0.07337349493851919,3
Brazil,Los Angeles,0.015573940764295587,2
Brazil,Miami,0.36923442605923573,3
Brazil,New York,0.17361238724522815,3
Brazil,Philadelphia,5.672693570680962e-4,1
British Virgin Islands,Miami,0.5000758303422476,3
Canada,Atlanta,0.04579798362014638,3
Canada,Boston,0.028850266033105434,3
Canada,Dallas,0.036226236349554845,3
Canada,Houston,0.03577488522260621,3
Canada,Kansas City,2.0661972578649566e-4,1
Canada,Los Angeles,0.08128812018244604,3
Canada,Miami,0.04620686745167644,3
Canada,New York,0.13888438959387928,3
Canada,Philadelphia,0.015567530485937472,3
Canada,San Francisco,0.07183424687926629,3
Canada,Seattle,0.046292618721271626,3
Cayman Islands,Atlanta,0.10314324701700939,3
Cayman Islands,Dallas,0.10627697385123128,3
Cayman Islands,Houston,0.11673330794617923,3
Cayman Islands,Los Angeles,0.012963315562325464,3
Cayman Islands,Miami,0.26611290936785986,3
Cayman Islands,New York,0.090243399339934,3
Cayman Islands,Philadelphia,0.01339965727341965,3
Chile,Atlanta,0.1866292667386693,3
Chile,Dallas,0.0189201159294167,1
Chile,Houston,0.0378557719951204,1
Chile,Los Angeles,0.13028850263016806,3
Chile,Miami,0.4472373522715794,3
Chile,New York,0.1579110948803021,3
China,Dallas,0.06825781915939938,3
China,Los Angeles,0.3536292702117894,3
China,New York,0.13395842895547833,3
China,San Francisco,0.2695735798745437,3
China,Seattle,0.07329355452101502,3
Colombia,Atlanta,0.04052179182547403,3
Colombia,Boston,0.012123845822635431,3
Colombia,Dallas,0.01906751505679855,3
Colombia,Houston,0.04592522897496824,3
Colombia,Los Angeles,0.007758304495510868,1
Colombia,Miami,0.5302518060184669,3
Colombia,New York,0.1688660489791145,3
Colombia,Philadelphia,1.913661951616247e-4,1
Costa Rica,Atlanta,0.08744258282403426,3
Costa Rica,Boston,3.0596673870440517e-4,1
Costa Rica,Dallas,0.08033950689006111,3
Costa Rica,Houston,0.21153726984717156,3
Costa Rica,Los Angeles,0.08588563815366501,3
Costa Rica,Miami,0.21731771741066933,3
Costa Rica,New York,0.10553141387617256,3
Costa Rica,San Francisco,0.013524504450073199,3
Croatia,New York,0.9821670249183982,3
Cuba,Houston,0.03833517736581841,3
Cuba,Miami,0.852163163004945,3
Cuba,New York,0.010031160385666222,1
Curacao,Atlanta,0.05208356071685839,2
Curacao,Miami,0.6318788064002095,3
Curacao,New York,0.24559603588657747,3
Curacao,Philadelphia,0.0023575123878544456,1
Czech Republic,New York,1,3
Denmark,Atlanta,0.04451191146585706,2
Denmark,Boston,0.09787478882550253,3
Denmark,Los Angeles,0.11824547658105428,3
Denmark,New York,0.2999596014004848,3
Denmark,Philadelphia,0.06106921626716941,2
Denmark,San Francisco,0.11363636363636363,3
Denmark,Seattle,0.02673040667923512,1
Dominica,Miami,0.7584138620459847,3
Dominica,New York,0.05614795068310563,1
Dominican Republic,Atlanta,0.05563684794989627,3
Dominican Republic,Boston,0.05017728407228477,3
Dominican Republic,Dallas,0.017553444095708404,3
Dominican Republic,Houston,0.014151303832406743,3
Dominican Republic,Miami,0.19827893408174707,3
Dominican Republic,New York,0.36473100311005896,3
Dominican Republic,Philadelphia,0.02983657015128955,3
Ecuador,Atlanta,0.11860275646683413,3
Ecuador,Houston,0.09809219906307284,3
Ecuador,Miami,0.543825106931903,3
Ecuador,New York,0.23011066603299613,3
Egypt,New York,0.7512148771548799,3
El Salvador,Atlanta,0.03709338905171245,3
El Salvador,Boston,0.016773943243912813,3
El Salvador,Dallas,0.06562568654672257,3
El Salvador,Houston,0.17552925448621765,3
El Salvador,Los Angeles,0.1918334244833663,3
El Salvador,Miami,0.0962240514553622,3
El Salvador,New York,0.10863447901913216,3
El Salvador,San Francisco,0.08847162429358725,3
Ethiopia,Atlanta,0.11413125793710897,3
Ethiopia,New York,0.21726415863732218,3
Fiji,Dallas,0.08233998286623424,1
Fiji,Los Angeles,0.6087871741524905,3
Fiji,San Francisco,0.2624892913964019,3
Finland,Dallas,0.2622479215212451,3
Finland,Los Angeles,0.14258795776876385,3
Finland,New York,0.24415293000776733,3
Finland,Seattle,0.12659302091424296,3
France,Atlanta,0.10196252049826274,3
France,Boston,0.0527758986473803,3
France,Dallas,0.04059842530840367,3
France,Houston,0.016191768110192992,3
France,Los Angeles,0.11328995788780234,3
France,Miami,0.037961897138566486,3
France,New York,0.26843568592588396,3
France,Philadelphia,0.024308903064025417,3
France,San Francisco,0.058933700737760365,3
France,Seattle,0.031701382370962775,3
French Polynesia,Los Angeles,0.6262121879127099,3
French Polynesia,San Francisco,0.29774228035972583,3
French Polynesia,Seattle,0.03538142255204075,2
Germany,Atlanta,0.04297533108698898,3
Germany,Boston,0.051021917852039834,3
Germany,Dallas,0.02253764048538099,3
Germany,Houston,0.044268223113177366,3
Germany,Los Angeles,0.0604633618391589,3
Germany,Miami,0.022214417478833893,3
Germany,New York,0.1760332473182487,3
Germany,Philadelphia,0.010139205817747542,3
Germany,San Francisco,0.09081233605595956,3
Germany,Seattle,0.03061954852743597,3
Ghana,New York,0.630433236110123,3
Greece,Atlanta,0.12167434079031136,3
Greece,Boston,0.07143597412019011,3
Greece,Los Angeles,0.01754808048206328,1
Greece,New York,0.47738477710495536,3
Greece,Philadelphia,0.07403061753253483,3
Greenland,New York,1,1
Grenada,Boston,0.02148443945744365,1
Grenada,Miami,0.49100689746212994,3
Grenada,New York,0.42348437345302137,3
Guadeloupe,Miami,1,3
Guatemala,Atlanta,0.0671035725259071,3
Guatemala,Dallas,0.08343342364738415,3
Guatemala,Houston,0.15848719309516493,3
Guatemala,Los Angeles,0.19324879193318623,3
Guatemala,Miami,0.259535348174632,3
Guatemala,New York,0.11272380659758108,3
Guyana,Houston,0.03321348040709367,2
Guyana,Miami,0.2939697726857213,3
Guyana,New York,0.6704095313547443,3
Haiti,Miami,0.9249572965237062,2
Haiti,New York,0.07220349937676007,2
Honduras,Atlanta,0.07449445406781445,3
Honduras,Dallas,0.02495430228440727,3
Honduras,Houston,0.30442813256644113,3
Honduras,Miami,0.4696576738666488,3
Honduras,New York,0.0404676000803897,3
Hong Kong,Boston,0.07126861537974584,3
Hong Kong,Dallas,0.021143589662430563,1
Hong Kong,Los Angeles,0.2651850855397471,3
Hong Kong,New York,0.25533337553610713,3
Hong Kong,San Francisco,0.3157255448114327,3
Hungary,New York,1,1
Iceland,Boston,0.15052724763014366,3
Iceland,New York,0.1658643820614723,3
Iceland,Seattle,0.09886801184995439,3
India,Boston,0.0025703644230340335,1
India,New York,0.5845265176858915,3
India,San Francisco,0.2695593023774477,3
Ireland,Atlanta,0.040391210466150136,3
Ireland,Boston,0.1438816826882863,3
Ireland,Dallas,0.03513087334607628,3
Ireland,Los Angeles,0.03772076841815033,3
Ireland,New York,0.2421427973964739,3
Ireland,Philadelphia,0.048994247087142534,3
Ireland,San Francisco,0.039367334483709375,3
Ireland,Seattle,0.03221724138999297,3
Israel,Atlanta,0.05269480946687338,1
Israel,Boston,0.05319252398469099,2
Israel,Los Angeles,0.07677961544402429,2
Israel,Miami,0.0704294646994548,2
Israel,New York,0.6561994061750925,3
Israel,San Francisco,0.04925657469436324,1
Italy,Atlanta,0.09899132845424873,3
Italy,Boston,0.04478638615042715,3
Italy,Dallas,0.0462202311167183,3
Italy,Houston,2.8012890079494356e-4,1
Italy,Los Angeles,0.03075296573504786,3
Italy,Miami,0.028398845453922947,3
Italy,New York,0.44745923086978984,3
Italy,Philadelphia,0.06376045036427132,3
Italy,San Francisco,0.03490302352460258,3
Jamaica,Atlanta,0.11945946838517531,3
Jamaica,Boston,0.008622566084073021,3
Jamaica,Dallas,0.03270240287979296,3
Jamaica,Houston,0.04702030596299082,3
Jamaica,Kansas City,0.00076408184832750135,1
Jamaica,Miami,0.2527654809137158,3
Jamaica,New York,0.22507989834258788,3
Jamaica,Philadelphia,0.037632156887469806,3
Japan,Atlanta,0.01900593377356416,3
Japan,Boston,0.011736089695308127,3
Japan,Dallas,0.05045898486751323,3
Japan,Houston,0.03446665073744313,3
Japan,Los Angeles,0.19778886944127283,3
Japan,New York,0.09111074916681618,3
Japan,Philadelphia,2.232296032217819e-4,1
Japan,San Francisco,0.14194012982041593,3
Japan,Seattle,0.0499645726351924,3
Jordan,New York,0.2487902962139541,3
Kenya,New York,1,3
Kuwait,New York,1,3
Martinique,Miami,1,3
Mexico,Atlanta,0.05043372368856363,3
Mexico,Boston,0.007573837830904465,3
Mexico,Dallas,0.13269008015930184,3
Mexico,Houston,0.12234617493326576,3
Mexico,Kansas City,0.003972769770190188,3
Mexico,Los Angeles,0.1126995281480456,3
Mexico,Miami,0.04902943032851314,3
Mexico,New York,0.0586809653529426,3
Mexico,Philadelphia,0.010454183902598118,3
Mexico,San Francisco,0.06555519838821067,3
Mexico,Seattle,0.017849698767146965,3
Morocco,Miami,0.18017505737089012,3
Morocco,New York,0.5565280965049451,3
Netherlands,Atlanta,0.12815180213471752,3
Netherlands,Boston,0.07504413566530065,3
Netherlands,Dallas,0.02232564877586448,3
Netherlands,Houston,0.04432104737187152,3
Netherlands,Los Angeles,0.05674287383952051,3
Netherlands,New York,0.1552310891871917,3
Netherlands,Philadelphia,0.020027402171057317,3
Netherlands,San Francisco,0.05157304667454029,3
Netherlands,Seattle,0.05395600429202464,3
New Zealand,Houston,0.2003671568293031,3
New Zealand,Los Angeles,0.30764269190456406,3
New Zealand,New York,0.15068314737749552,3
New Zealand,San Francisco,0.2192645699861696,3
Nicaragua,Dallas,0.0017860618481160481,1
Nicaragua,Houston,0.22004052986501493,3
Nicaragua,Miami,0.7753454770273519,3
Nigeria,Atlanta,0.6211234752017132,3
Nigeria,New York,0.006959580895568047,1
Norway,Los Angeles,0.1107797537619699,2
Norway,Miami,0.10547195622435021,2
Norway,New York,0.7837482900136798,3
Panama,Atlanta,0.04902615097767366,3
Panama,Boston,0.031050341827221876,3
Panama,Houston,0.0663135248840656,3
Panama,Los Angeles,0.07908399866137591,3
Panama,Miami,0.2316928813883444,3
Panama,New York,0.1280719032366018,3
Panama,San Francisco,0.03616962279485586,3
Peru,Atlanta,0.16991820385517806,3
Peru,Houston,0.06445173249679167,3
Peru,Los Angeles,0.12991457423226993,3
Peru,Miami,0.4643497573769925,3
Peru,New York,0.16813796023834524,3
Philippines,Los Angeles,0.33257080886900675,2
Philippines,New York,0.06456040464631574,2
Philippines,San Francisco,0.33429919765481364,3
Poland,Los Angeles,0.14565153685855692,3
Poland,Miami,0.07250423287314404,3
Poland,New York,0.4534302552748111,3
Portugal,Atlanta,7.701193685021178e-4,1
Portugal,Boston,0.19263537700195382,3
Portugal,Los Angeles,0.011951111681569903,1
Portugal,Miami,0.08484718835123148,3
Portugal,New York,0.4400804346895991,3
Portugal,Philadelphia,0.06418231862975798,3
Portugal,San Francisco,0.04644675480254995,3
Qatar,Atlanta,0.06550855043105479,3
Qatar,Boston,0.06289160032034673,3
Qatar,Dallas,0.10732557591746361,3
Qatar,Houston,0.06384557403307109,3
Qatar,Los Angeles,0.08415932538747821,3
Qatar,Miami,0.08073444198426533,3
Qatar,New York,0.17236538370942667,3
Qatar,Philadelphia,0.05295614076412117,3
Qatar,San Francisco,0.06555566024402883,3
Qatar,Seattle,0.06999811560748104,3
Saint Kitts and Nevis,Atlanta,0.07370465177862123,3
Saint Kitts and Nevis,Miami,0.6579133197987466,3
Saint Kitts and Nevis,New York,0.15566245917556712,2
Saint Lucia,Atlanta,0.21407700986490005,3
Saint Lucia,Boston,0.0027338212746260884,1
Saint Lucia,Miami,0.2896838024705644,3
Saint Lucia,New York,0.25443341915699946,3
Saint Lucia,Philadelphia,0.03172100558335985,3
Saint Vincent and the Grenadines,Miami,0.6867268472082916,3
Saint Vincent and the Grenadines,New York,0.3132731527917085,3
Saudi Arabia,Los Angeles,0.17353545414928717,2
Saudi Arabia,New York,0.4549586005104899,2
Senegal,New York,0.8541879231982191,3
Serbia,New York,1,3
Singapore,Houston,0.01799053910884074,2
Singapore,Los Angeles,0.23495671068702806,3
Singapore,New York,0.20632435605881677,3
Singapore,San Francisco,0.4563429134416185,3
Singapore,Seattle,0.08314382309078272,3
Sint Maarten,Atlanta,0.16251650156701902,3
Sint Maarten,Boston,0.02647304828030998,3
Sint Maarten,Miami,0.30904033940322273,3
Sint Maarten,New York,0.2691443370652908,3
Sint Maarten,Philadelphia,0.015277175939455625,3
South Africa,Atlanta,0.4582918814627235,3
South Africa,New York,0.40479635826474936,3
South Korea,Atlanta,0.08430906166930201,3
South Korea,Boston,0.02643267995824353,3
South Korea,Dallas,0.05266418303171112,3
South Korea,Los Angeles,0.18797281168003552,3
South Korea,New York,0.14941799772571984,3
South Korea,San Francisco,0.1301086968521951,3
South Korea,Seattle,0.08857180358757266,3
Spain,Atlanta,0.06084987673227127,3
Spain,Boston,0.05812238010354002,3
Spain,Dallas,0.07956072307313397,3
Spain,Los Angeles,0.052831987670788595,3
Spain,Miami,0.15057073811886862,3
Spain,New York,0.30659159243372686,3
Spain,Philadelphia,0.04522011397692662,3
Spain,San Francisco,0.044158133841198,3
Sweden,New York,0.8990461049284578,3
Switzerland,Atlanta,0.020258810798030272,2
Switzerland,Boston,0.09614239140813627,3
Switzerland,Los Angeles,0.06593718882002828,3
Switzerland,Miami,0.07174815508641426,3
Switzerland,New York,0.2975983158201056,3
Switzerland,Philadelphia,0.04100641570688722,3
Switzerland,San Francisco,0.11264771812721379,3
Switzerland,Seattle,0.0031623842239995635,1
Taiwan,Houston,0.06023530320388225,3
Taiwan,Los Angeles,0.2783606008727329,3
Taiwan,New York,0.0913644925577424,3
Taiwan,San Francisco,0.3365127584623768,3
Taiwan,Seattle,0.11757436894203663,3
The Bahamas,Atlanta,0.13251699232395767,3
The Bahamas,Boston,0.0047287011803245314,3
The Bahamas,Dallas,0.05490290431089128,3
The Bahamas,Houston,0.05848875892415108,3
The Bahamas,Los Angeles,0.007673728872375964,2
The Bahamas,Miami,0.34736752002294946,3
The Bahamas,New York,0.1392537720877077,3
The Bahamas,Philadelphia,0.02656771250237129,3
Trinidad and Tobago,Houston,0.13115025495000332,3
Trinidad and Tobago,Miami,0.4266825596538861,3
Trinidad and Tobago,New York,0.3804604551574951,3
Turkey,Atlanta,0.055813575159755026,3
Turkey,Boston,0.04824889446149512,3
Turkey,Dallas,0.053418985701900394,3
Turkey,Houston,0.06810394938627486,3
Turkey,Los Angeles,0.1040723892130391,3
Turkey,Miami,0.08417567200274574,3
Turkey,New York,0.2102338444568329,3
Turkey,San Francisco,0.08226912646090788,3
Turkey,Seattle,0.05301625027526867,3
Turks and Caicos Islands,Atlanta,0.10152439595576067,3
Turks and Caicos Islands,Boston,0.012146456919108968,3
Turks and Caicos Islands,Dallas,0.07552036170837262,3
Turks and Caicos Islands,Houston,0.05835919789669579,3
Turks and Caicos Islands,Miami,0.21650669147999427,3
Turks and Caicos Islands,New York,0.1612574861517901,3
Turks and Caicos Islands,Philadelphia,0.05539283952313447,3
United Arab Emirates,Boston,0.07835889343655998,3
United Arab Emirates,Dallas,0.05288623699393461,3
United Arab Emirates,Houston,0.06976872626855368,3
United Arab Emirates,Los Angeles,0.06655160510873318,3
United Arab Emirates,Miami,0.04521130233246215,3
United Arab Emirates,New York,0.28818778046254745,3
United Arab Emirates,San Francisco,0.07401745648207506,3
United Arab Emirates,Seattle,0.05279353025297105,3
United Kingdom,Atlanta,0.048228542592250116,3
United Kingdom,Boston,0.0634267482685407,3
United Kingdom,Dallas,0.044953070320687336,3
United Kingdom,Houston,0.028488257903210315,3
United Kingdom,Los Angeles,0.07828697710359223,3
United Kingdom,Miami,0.04192955745462939,3
United Kingdom,New York,0.2356569509973005,3
United Kingdom,Philadelphia,0.025076949764383908,3
United Kingdom,San Francisco,0.05556654667234382,3
United Kingdom,Seattle,0.028581801864571283,3
Uzbekistan,New York,1,3
